mu,sigma
0,2.37377474588832
0,7.368760530101783
