mu,sigma
0,2.37377474588832
0,7.368760530101783
0,7.75430341284828
0,8.736295256614978
