mu,sigma
-3,13.809119176068648
-6,5.025894280494847
0,13.943235639964577
0,16.479771903660062
0,9.800869999303721
0,12.932691830780502
